TS%,eFG%,TO%,OREB%,DREB%,FTR,3PAr,AST/TO,STL%,BLK%,PointsPerPoss,AdjO,AdjD,Team2_TS%,Team2_eFG%,Team2_TO%,Team2_OREB%,Team2_DREB%,Team2_FTR,Team2_3PAr,Team2_AST/TO,Team2_STL%,Team2_BLK%,Team2_PointsPerPoss,Team2_AdjO,Team2_AdjD
0.5882042101467291,0.5469145135016242,0.1291571233879097,0.2782056679508037,0.7269273126911823,0.3986213417021895,0.4023529300179221,1.936746789048228,0.0823376661597924,0.0770815543855945,82.48373667536465,82.31161928742515,82.31161928742515,0.5625175307683082,0.5220488623497963,0.2075116414211256,0.3792430053465154,0.6425265500452194,0.3504470217278631,0.3388300315904548,1.0621928216255478,0.1190936376851677,0.0545991573102237,75.71791188610062,76.16420688611667,76.16420688611667
0.632222755815753,0.590314294737416,0.1262539674379804,0.3451669148472885,0.7650410364954827,0.3167271667120055,0.430174004990977,2.488969139483881,0.1004601461334468,0.0637891417182347,88.85031955135402,88.64355872354147,88.64355872354147,0.6032295829750745,0.5729637971042993,0.1776412277459409,0.3475838352988813,0.7300170971811049,0.332305864959537,0.2910383474517259,1.7443203231375914,0.1151739828242913,0.0557119367966927,88.51588360217053,88.9900907644428,88.9900907644428
