TS%,eFG%,TO%,OREB%,DREB%,FTR,3PAr,AST/TO,STL%,BLK%,PointsPerPoss,AdjO,AdjD,Team2_TS%,Team2_eFG%,Team2_TO%,Team2_OREB%,Team2_DREB%,Team2_FTR,Team2_3PAr,Team2_AST/TO,Team2_STL%,Team2_BLK%,Team2_PointsPerPoss,Team2_AdjO,Team2_AdjD
0.5882042101467291,0.5469145135016242,0.1291571233879097,0.2782056679508037,0.7269273126911823,0.3986213417021895,0.4023529300179221,1.936746789048228,0.0823376661597924,0.0770815543855945,82.48373667536465,82.31161928742515,82.31161928742515,0.5766227708694502,0.5500327443456826,0.225774858487975,0.4101487177180471,0.6821925737219214,0.4013470332677057,0.2106916528249343,1.2643961164685302,0.1040910061860144,0.0977158899938996,82.57804339048256,83.0410090086358,83.0410090086358
0.6131021571904074,0.5797757813105263,0.1315262551342787,0.3465550063286495,0.7528415905222733,0.3507006232943873,0.4564636546845014,1.838327966256526,0.1074838214000557,0.0666676140168957,90.2415161290128,90.02677767356609,90.02677767356609,0.5425643448653313,0.5059762492369946,0.2014048901177876,0.3330512253015013,0.6810324719649651,0.3683087022472794,0.3106263686436877,0.9808019193515763,0.1090943154804682,0.0768769758663763,71.19936762925403,71.63252540289407,71.63252540289407
0.632222755815753,0.590314294737416,0.1262539674379804,0.3451669148472885,0.7650410364954827,0.3167271667120055,0.430174004990977,2.488969139483881,0.1004601461334468,0.0637891417182347,88.85031955135402,88.64355872354147,88.64355872354147,0.5500245318831936,0.5127097703254355,0.1810683300320532,0.3552068534965586,0.644536563195712,0.3788550462357086,0.2757827846450668,1.3363646108317355,0.1150538347078671,0.0882823886968347,73.60485701644963,74.04522174208152,74.04522174208152
0.5901031858291229,0.5414433639872013,0.1265227160907135,0.2657374262989148,0.6981928555290272,0.4630401031013567,0.4317167249622303,2.055554304579037,0.0849262066910268,0.0794778015203373,76.06924759418368,75.92893881181031,75.92893881181031,0.5458029390583118,0.4915931325509517,0.1727374150160171,0.326382558423467,0.7240503809565768,0.3939887517679892,0.3065280882574996,1.3996447164802512,0.1145113200667978,0.0881203421389057,80.29270308116926,80.75055373635755,80.75055373635755
