TS%,eFG%,TO%,OREB%,DREB%,FTR,3PAr,AST/TO,STL%,BLK%,PointsPerPoss,AdjO,AdjD,Team2_TS%,Team2_eFG%,Team2_TO%,Team2_OREB%,Team2_DREB%,Team2_FTR,Team2_3PAr,Team2_AST/TO,Team2_STL%,Team2_BLK%,Team2_PointsPerPoss,Team2_AdjO,Team2_AdjD
0.5882042101467291,0.5469145135016242,0.1291571233879097,0.2782056679508037,0.7269273126911823,0.3986213417021895,0.4023529300179221,1.936746789048228,0.0823376661597924,0.0770815543855945,82.48373667536465,82.31161928742515,82.31161928742515,0.569034100842179,0.5188076328626885,0.1600222483710862,0.4132737646967181,0.6897226357940014,0.33431619220725,0.319176437121376,1.5857002938904965,0.0790914560914564,0.081530903728412,82.61637857958715,83.07942626132296,83.07942626132296
