team,away_team,team1_id,team2_id,Win_Prob_Team1,Win_Prob_Team2
Auburn,Texas A&M,1120,1401,0.99130577,0.008694214
New Mexico,North Carolina,1307,1314,0.17035812,0.8296419
Florida,Maryland,1196,1268,0.9971826,0.0028174196
St. John's,Texas Tech,1385,1403,0.9195072,0.08049279
Duke,Arizona,1181,1112,0.99938357,0.00061640644
Alabama,Wisconsin,1104,1458,0.9975684,0.0024315536
Purdue,Gonzaga,1345,1211,0.8905239,0.109476075
Tennessee,Kentucky,1397,1246,0.61087173,0.38912827
